AÑO,ARTICULO,GRAMOS_PERSONA,ENERO,FEBRERO,MARZO,ABRIL,MAYO,JUNIO,JULIO,AGOSTO,SEPTIEMBRE,OCTUBRE,NOVIEMBRE,DICIEMBRE,ZONA
2020,Pan Francés                                       ,49,0.11,0.11,0.12,0.12,0.13,0.13,0.13,0.12,0.12,0.12,0.12,0.12,Urbana
2020,Tortillas                                         ,223,0.2,0.2,0.2,0.19,0.19,0.21,0.19,0.19,0.19,0.18,0.2,0.19,Urbana
2020,Arroz                                             ,55,0.08,0.08,0.08,0.08,0.08,0.08,0.08,0.08,0.08,0.08,0.07,0.07,Urbana
2020,Carnes 1_ /                                       ,60,0.45,0.45,0.44,0.45,0.44,0.44,0.44,0.45,0.44,0.44,0.44,0.44,Urbana
2020,Grasas 2 _ /                                      ,33,0.08,0.08,0.08,0.08,0.08,0.08,0.08,0.08,0.08,0.08,0.08,0.08,Urbana
2020,Huevos                                            ,28,0.09,0.09,0.08,0.09,0.09,0.09,0.09,0.08,0.08,0.08,0.08,0.08,Urbana
2020,Leche Fluida *                                    ,106,0.09,0.09,0.09,0.09,0.09,0.09,0.09,0.09,0.09,0.09,0.09,0.09,Urbana
2020,Frutas 3_ /                                       ,157,0.13,0.13,0.12,0.13,0.15,0.14,0.13,0.13,0.13,0.13,0.12,0.13,Urbana
2020,Frijoles                                          ,79,0.15,0.14,0.15,0.15,0.16,0.18,0.19,0.17,0.16,0.16,0.16,0.15,Urbana
2020,Verduras 4_ /                                     ,127,0.19,0.18,0.19,0.2,0.22,0.23,0.22,0.19,0.18,0.18,0.19,0.18,Urbana
2020,Azúcar                                            ,69,0.07,0.07,0.07,0.07,0.07,0.07,0.07,0.07,0.07,0.07,0.07,0.07,Urbana
2020,Costo diario por persona                          ,0,16300.0,16200.0,16200.0,16400.0,17000.0,17200.0,17000.0,16600.0,16300.0,16100.0,16300.0,16100.0,Urbana
2020,más 10% (cocción)                                 ,0,17900.0,17800.0,17800.0,18000.0,18800.0,18900.0,18700.0,18200.0,17900.0,17700.0,17900.0,17700.0,Urbana
2020,Costo diario por familia de 3.73 miembros         ,0,66800.0,66400.0,66300.0,67100.0,69900.0,70500.0,69800.0,67900.0,66900.0,65900.0,66800.0,66000.0,Urbana
2020,Costo mensual por familia**                       ,0,2004100.0,1992400.0,1989000.0,2012600.0,2098300.0,2114400.0,2093300.0,2037200.0,2006500.0,1976900.0,2005400.0,1981400.0,Urbana
2021,,,,,,,,,,,,,,,Urbana
2021,Pan Francés                                       ,49,0.12,0.13,0.13,0.11,0.12,0.13,0.13,0.14,0.14,0.14,0.15,0.15,Urbana
2021,Tortillas                                         ,223,0.18,0.19,0.19,0.19,0.19,0.2,0.2,0.2,0.2,0.21,0.21,0.2,Urbana
2021,Arroz                                             ,55,0.07,0.08,0.07,0.08,0.07,0.08,0.07,0.08,0.07,0.08,0.08,0.08,Urbana
2021,Carnes 1_ /                                       ,60,0.45,0.45,0.45,0.46,0.46,0.45,0.46,0.46,0.46,0.47,0.46,0.46,Urbana
2021,Grasas 2 _ /                                      ,33,0.08,0.08,0.09,0.08,0.08,0.08,0.09,0.09,0.09,0.09,0.09,0.1,Urbana
2021,Huevos                                            ,28,0.08,0.08,0.08,0.08,0.08,0.08,0.09,0.09,0.09,0.09,0.09,0.1,Urbana
2021,Leche Fluida *                                    ,106,0.09,0.09,0.09,0.1,0.09,0.09,0.09,0.09,0.09,0.09,0.09,0.09,Urbana
2021,Frutas 3_ /                                       ,157,0.13,0.13,0.14,0.14,0.14,0.14,0.14,0.13,0.13,0.13,0.13,0.13,Urbana
2021,Frijoles                                          ,79,0.16,0.16,0.16,0.15,0.15,0.15,0.14,0.15,0.15,0.15,0.15,0.15,Urbana
2021,Verduras 4_ /                                     ,127,0.17,0.17,0.16,0.17,0.17,0.18,0.17,0.17,0.18,0.21,0.21,0.19,Urbana
2021,Azúcar                                            ,69,0.07,0.07,0.07,0.07,0.07,0.07,0.07,0.07,0.07,0.07,0.07,0.08,Urbana
2021,Costo diario por persona                          ,0,16200.0,16300.0,16400.0,16300.0,16300.0,16600.0,16500.0,16600.0,16700.0,17300.0,17400.0,17200.0,Urbana
2021,más 10% (cocción)                                 ,0,17800.0,17900.0,18000.0,17900.0,18000.0,18200.0,18100.0,18300.0,18400.0,19000.0,19100.0,18900.0,Urbana
2021,Costo diario por familia de 3.73 miembros         ,0,66400.0,66800.0,67100.0,66700.0,67000.0,67900.0,67600.0,68200.0,68500.0,70800.0,71400.0,70600.0,Urbana
2021,Costo mensual por familia**                       ,0,1992400.0,2004100.0,2013100.0,2001300.0,2010400.0,2037200.0,2027000.0,2047500.0,2054300.0,2125500.0,2141400.0,2118100.0,Urbana
2022,,,,,,,,,,,,,,,Urbana
2022,Pan Francés                                       ,49,0.1457,0.1524,0.166,0.1637,0.158,0.1656,0.1813,0.1672,0.1806,0.1697,0.1683,0.1626,Urbana
2022,Tortillas                                         ,223,0.2148,0.2115,0.2144,0.2274,0.2196,0.2416,0.2518,0.255,0.2408,0.2613,0.2572,0.252,Urbana
2022,Arroz                                             ,55,0.0759,0.0757,0.0775,0.0778,0.0803,0.0809,0.0843,0.0837,0.084,0.0837,0.083,0.081,Urbana
2022,Carnes 1_ /                                       ,60,0.457,0.4648,0.4654,0.4725,0.4722,0.4709,0.4766,0.4766,0.4769,0.4748,0.4726,0.4908,Urbana
2022,Grasas 2 _ /                                      ,33,0.0973,0.099,0.0998,0.1028,0.1082,0.1079,0.1102,0.1134,0.1137,0.1164,0.1181,0.1193,Urbana
2022,Huevos                                            ,28,0.0923,0.0907,0.0882,0.0894,0.0936,0.0976,0.0998,0.0958,0.0955,0.0998,0.1033,0.102,Urbana
2022,Leche Fluida *                                    ,106,0.0939,0.0988,0.1026,0.1061,0.1096,0.1118,0.1057,0.1118,0.1122,0.1096,0.1141,0.1115,Urbana
2022,Frutas 3_ /                                       ,157,0.1298,0.1277,0.1394,0.1337,0.1327,0.1349,0.1366,0.1394,0.1388,0.1349,0.1374,0.1417,Urbana
2022,Frijoles                                          ,79,0.1614,0.1644,0.1686,0.169,0.1791,0.1901,0.1874,0.192,0.1907,0.1994,0.2089,0.2079,Urbana
2022,Verduras 4_ /                                     ,127,0.1883,0.1876,0.1947,0.1984,0.2163,0.2329,0.2271,0.2288,0.2217,0.2206,0.2139,0.2063,Urbana
2022,Azúcar                                            ,69,0.0776,0.0777,0.0783,0.0779,0.0778,0.0788,0.0784,0.0776,0.0778,0.0785,0.0783,0.0775,Urbana
2022,Costo diario por persona                          ,0,17339.0,17503.0,17950.0,18187.0,18473.0,19130.0,19393.0,19413.0,19327.0,19487.0,19550.0,19528.0,Urbana
2022,más 10% (cocción)                                 ,0,19073.0,19253.0,19745.0,20006.0,20321.0,21043.0,21333.0,21354.0,21260.0,21436.0,21505.0,21480.0,Urbana
2022,Costo diario por familia de 3.73 miembros         ,0,71142.0,71815.0,73649.0,74621.0,75796.0,78490.0,79571.0,79650.0,79298.0,79955.0,80214.0,80122.0,Urbana
2022,Costo mensual por familia**                       ,0,2134261.0,2154453.0,2209461.0,2238628.0,2273877.0,2354694.0,2387118.0,2389509.0,2378948.0,2398664.0,2406423.0,2403664.0,Urbana
2023,,,,,,,,,,,,,,,Urbana
2023,Pan Francés                                       ,49,0.1624,0.1779,0.1752,0.1697,0.1671,0.1774,0.1727,0.1756,0.1762,0.1666,0.1727,0.1746,Urbana
2023,Tortillas                                         ,223,0.2574,0.2569,0.2616,0.2655,0.2622,0.2622,0.2719,0.2603,0.2689,0.2712,0.2601,0.2507,Urbana
2023,Arroz                                             ,55,0.0838,0.0842,0.0838,0.0834,0.083,0.0837,0.0852,0.0846,0.0846,0.0844,0.0852,0.0846,Urbana
2023,Carnes 1_ /                                       ,60,0.4838,0.4878,0.4897,0.4899,0.4815,0.4833,0.4918,0.4924,0.491,0.4913,0.496,0.4978,Urbana
2023,Grasas 2 _ /                                      ,33,0.1197,0.1184,0.1186,0.1206,0.1168,0.1189,0.1202,0.1172,0.1179,0.118,0.119,0.117,Urbana
2023,Huevos                                            ,28,0.1035,0.1087,0.109,0.1103,0.1112,0.1088,0.1072,0.1053,0.1054,0.1067,0.1093,0.1134,Urbana
2023,Leche Fluida *                                    ,106,0.1163,0.1185,0.1165,0.1135,0.1185,0.1135,0.1161,0.119,0.1174,0.1174,0.1135,0.1161,Urbana
2023,Frutas 3_ /                                       ,157,0.154,0.1589,0.1591,0.1576,0.1615,0.1646,0.1682,0.1685,0.1702,0.1786,0.1761,0.1756,Urbana
2023,Frijoles                                          ,79,0.2172,0.2262,0.2252,0.2223,0.2236,0.2261,0.2349,0.2337,0.2337,0.2336,0.2307,0.2267,Urbana
2023,Verduras 4_ /                                     ,127,0.2148,0.2134,0.2074,0.2024,0.2102,0.2202,0.2277,0.2382,0.249,0.2481,0.2356,0.2528,Urbana
2023,Azúcar                                            ,69,0.0776,0.0776,0.0776,0.078,0.0781,0.0785,0.0787,0.0783,0.0783,0.0785,0.0783,0.079,Urbana
2023,Costo diario por persona                          ,0,19906.0,20286.0,20236.0,20131.0,20137.0,20373.0,20745.0,20732.0,20928.0,20945.0,20765.0,20884.0,Urbana
2023,más 10% (cocción)                                 ,0,21897.0,22315.0,22260.0,22144.0,22151.0,22410.0,22820.0,22805.0,23021.0,23039.0,22842.0,22972.0,Urbana
2023,Costo diario por familia de 3.73 miembros         ,0,81675.0,83235.0,83030.0,82596.0,82622.0,83589.0,85119.0,85062.0,85869.0,85937.0,85199.0,85687.0,Urbana
2023,Costo mensual por familia**                       ,0,2450240.0,2497049.0,2490891.0,2477875.0,2478675.0,2507666.0,2553562.0,2551856.0,2576065.0,2578103.0,2555969.0,2570613.0,Urbana
2024,,,,,,,,,,,,,,,Urbana
2024,Pan Francés                                       ,49,0.1668,0.1667,0.1703,0.1665,0.1734,0.178,0.1703,0.1656,0.1626,0.1656,0.1679,0.1678,Urbana
2024,Tortillas                                         ,223,0.2495,0.2495,0.2466,0.2391,0.2343,0.2353,0.2381,0.2297,0.2286,0.2291,0.2291,0.2389,Urbana
2024,Arroz                                             ,55,0.0838,0.0833,0.0833,0.0823,0.0837,0.0846,0.0865,0.0869,0.0877,0.0867,0.0858,0.0861,Urbana
2024,Carnes 1_ /                                       ,60,0.498,0.5007,0.5014,0.504,0.5017,0.4939,0.5033,0.505,0.504,0.505,0.5026,0.5021,Urbana
2024,Grasas 2 _ /                                      ,33,0.118,0.1172,0.1177,0.1182,0.1176,0.1174,0.1171,0.1153,0.1149,0.1144,0.1147,0.1149,Urbana
2024,Huevos                                            ,28,0.1135,0.1125,0.1101,0.1091,0.1089,0.1087,0.1064,0.1074,0.1082,0.1082,0.1093,0.1085,Urbana
2024,Leche Fluida *                                    ,106,0.1111,0.1187,0.1111,0.1155,0.1213,0.1213,0.1148,0.1148,0.1135,0.1135,0.1148,0.1148,Urbana
2024,Frutas 3_ /                                       ,157,0.1754,0.1767,0.1712,0.1775,0.1653,0.1769,0.1749,0.1858,0.1729,0.1696,0.1669,0.1633,Urbana
2024,Frijoles                                          ,79,0.2245,0.2231,0.2198,0.2234,0.2239,0.2223,0.2238,0.2227,0.2173,0.2084,0.2069,0.2092,Urbana
2024,Verduras 4_ /                                     ,127,0.2668,0.2593,0.2596,0.2589,0.2747,0.3119,0.3373,0.2992,0.2356,0.2161,0.2065,0.2139,Urbana
2024,Azúcar                                            ,69,0.0783,0.0787,0.0788,0.0789,0.0795,0.0795,0.0799,0.0797,0.0797,0.0798,0.08,0.0798,Urbana
2024,Costo diario por persona                          ,0,20858.0,20864.0,20700.0,20733.0,20843.0,21299.0,21522.0,21121.0,20250.0,19965.0,19846.0,19990.0,Urbana
2024,más 10% (cocción)                                 ,0,22944.0,22951.0,22770.0,22807.0,22928.0,23429.0,23675.0,23233.0,22275.0,21961.0,21830.0,21989.0,Urbana
2024,Costo diario por familia de 3.73 miembros         ,0,85581.0,85605.0,84930.0,85069.0,85520.0,87391.0,88306.0,86658.0,83086.0,81914.0,81426.0,82020.0,Urbana
2024,Costo mensual por familia**                       ,0,2567421.0,2568164.0,2547912.0,2552056.0,2565610.0,2621737.0,2649192.0,2599742.0,2492575.0,2457430.0,2442788.0,2460614.0,Urbana
2025,,,,,,,,,,,,,,,Urbana
2025,Pan Francés                                       ,49,0.1684,0.1625,0.1681,0.1746,0.1588,0.1777,0.169,0.16,0.162,0.1568,0.1674,0.1628,Urbana
2025,Tortillas                                         ,223,0.2408,0.2428,0.2373,0.2397,0.2403,0.2528,0.2686,0.2656,0.2678,0.2652,0.2525,0.251,Urbana
2025,Arroz                                             ,55,0.0867,0.0872,0.0865,0.0859,0.0875,0.0865,0.0861,0.0863,0.0862,0.0863,0.0857,0.0858,Urbana
2025,Carnes 1_ /                                       ,60,0.5037,0.5044,0.5087,0.507,0.5076,0.5076,0.5073,0.511,0.5132,0.5118,0.5184,0.518,Urbana
2025,Grasas 2 _ /                                      ,33,0.1137,0.1153,0.116,0.1168,0.1158,0.1163,0.1172,0.1164,0.1169,0.1187,0.1166,0.117,Urbana
2025,Huevos                                            ,28,0.1056,0.1038,0.1003,0.0996,0.1037,0.1047,0.1038,0.105,0.1052,0.1046,0.105,0.1042,Urbana
2025,Leche Fluida *                                    ,106,0.1174,0.1187,0.1187,0.1187,0.1187,0.1187,0.1187,0.1187,0.1187,0.1239,0.1239,0.1239,Urbana
2025,Frutas 3_ /                                       ,157,0.1694,0.1783,0.1706,0.1703,0.1694,0.1637,0.1713,0.1709,0.1664,0.1644,0.1636,0.1655,Urbana
2025,Frijoles                                          ,79,0.2138,0.2158,0.2135,0.2125,0.2125,0.2128,0.2146,0.2105,0.2166,0.2164,0.2162,0.2142,Urbana
2025,Verduras 4_ /                                     ,127,0.2049,0.2035,0.1988,0.2047,0.223,0.2353,0.2356,0.2135,0.2045,0.2096,0.2295,0.226,Urbana
2025,Azúcar                                            ,69,0.0794,0.0794,0.0792,0.079,0.0793,0.0798,0.08,0.0795,0.0794,0.0794,0.0794,0.0794,Urbana
2025,Costo diario por persona                          ,0,20037.0,20116.0,19977.0,20089.0,20166.0,20559.0,20722.0,20375.0,20368.0,20371.0,20580.0,20479.0,Urbana
2025,más 10% (cocción)                                 ,0,22041.0,22127.0,21974.0,22098.0,22182.0,22615.0,22794.0,22412.0,22405.0,22408.0,22638.0,22527.0,Urbana
2025,Costo diario por familia de 3.73 miembros         ,0,82214.0,82535.0,81965.0,82425.0,82741.0,84353.0,85021.0,83598.0,83570.0,83582.0,84441.0,84026.0,Urbana
2025,Costo mensual por familia**                       ,0,2466405.0,2476051.0,2458935.0,2472745.0,2482219.0,2530582.0,2550642.0,2507931.0,2507108.0,2507472.0,2533233.0,2520790.0,Urbana
2026,,,,,,,,,,,,,,,Urbana
2026,Pan Francés                                       ,49,0.157,0.162,0.1579,0.1691,0.0,0.0,0.0,0.0,0.0,0.0,0.0,0.0,Urbana
2026,Tortillas                                         ,223,0.2481,0.2487,0.2516,0.2539,0.0,0.0,0.0,0.0,0.0,0.0,0.0,0.0,Urbana
2026,Arroz                                             ,55,0.0859,0.0859,0.0859,0.0861,0.0,0.0,0.0,0.0,0.0,0.0,0.0,0.0,Urbana
2026,Carnes 1_ /                                       ,60,0.5165,0.5185,0.525,0.5326,0.0,0.0,0.0,0.0,0.0,0.0,0.0,0.0,Urbana
2026,Grasas 2 _ /                                      ,33,0.117,0.1172,0.1186,0.1196,0.0,0.0,0.0,0.0,0.0,0.0,0.0,0.0,Urbana
2026,Huevos                                            ,28,0.104,0.1043,0.1052,0.1052,0.0,0.0,0.0,0.0,0.0,0.0,0.0,0.0,Urbana
2026,Leche Fluida *                                    ,106,0.1239,0.1278,0.1278,0.1278,0.0,0.0,0.0,0.0,0.0,0.0,0.0,0.0,Urbana
2026,Frutas 3_ /                                       ,157,0.1657,0.169,0.1768,0.1741,0.0,0.0,0.0,0.0,0.0,0.0,0.0,0.0,Urbana
2026,Frijoles                                          ,79,0.214,0.2109,0.2127,0.2085,0.0,0.0,0.0,0.0,0.0,0.0,0.0,0.0,Urbana
2026,Verduras 4_ /                                     ,127,0.2263,0.229,0.2271,0.2289,0.0,0.0,0.0,0.0,0.0,0.0,0.0,0.0,Urbana
2026,Azúcar                                            ,69,0.0794,0.0794,0.0802,0.0797,0.0,0.0,0.0,0.0,0.0,0.0,0.0,0.0,Urbana
2026,Costo diario por persona                          ,0,20377.0,20527.0,20688.0,20855.0,0.0,0.0,0.0,0.0,0.0,0.0,0.0,0.0,Urbana
2026,más 10% (cocción)                                 ,0,22415.0,22579.0,22756.0,22941.0,0.0,0.0,0.0,0.0,0.0,0.0,0.0,0.0,Urbana
2026,Costo diario por familia de 3.73 miembros         ,0,83608.0,84221.0,84882.0,85569.0,0.0,0.0,0.0,0.0,0.0,0.0,0.0,0.0,Urbana
2026,Costo mensual por familia**                       ,0,2508245.0,2526618.0,2546445.0,2567064.0,0.0,0.0,0.0,0.0,0.0,0.0,0.0,0.0,Urbana
,,,,,,,,,,,,,,,Urbana
2020,Arroz                                             ,39,0.05,0.05,0.05,0.05,0.05,0.05,0.05,0.06,0.05,0.05,0.05,0.05,Rural
2020,Carnes 1_ /                                       ,14,0.1,0.1,0.1,0.1,0.1,0.1,0.1,0.11,0.1,0.1,0.1,0.1,Rural
2020,Grasas 2 _ /                                      ,14,0.03,0.04,0.03,0.03,0.03,0.03,0.03,0.03,0.04,0.04,0.04,0.04,Rural
2020,Huevos                                            ,30,0.09,0.09,0.09,0.1,0.1,0.09,0.09,0.09,0.09,0.09,0.09,0.09,Rural
2020,Leche Fluida *                                    ,31,0.03,0.03,0.03,0.03,0.03,0.03,0.03,0.03,0.03,0.03,0.03,0.03,Rural
2020,Frutas 3_ /                                       ,16,0.01,0.01,0.01,0.01,0.01,0.01,0.01,0.01,0.01,0.01,0.01,0.01,Rural
2020,Frijoles                                          ,60,0.11,0.11,0.11,0.11,0.12,0.13,0.14,0.13,0.12,0.12,0.12,0.12,Rural
2020,Azúcar                                            ,65,0.07,0.07,0.07,0.07,0.07,0.07,0.07,0.07,0.07,0.07,0.07,0.07,Rural
2020,Costo diario por persona                          ,0,10300.0,10400.0,10400.0,10100.0,10500.0,10800.0,10400.0,10300.0,10200.0,0.99,10400.0,10100.0,Rural
2020,más 10% (cocción)                                 ,0,11400.0,11400.0,11400.0,11100.0,11500.0,11900.0,11500.0,11300.0,11200.0,10900.0,11500.0,11100.0,Rural
2020,Costo diario por familia de 4.26 miembros         ,0,48500.0,48600.0,48600.0,47300.0,49000.0,50600.0,48900.0,48300.0,47600.0,46300.0,48900.0,47200.0,Rural
2020,Costo mensual por familia**                       ,0,1454000.0,1458600.0,1459000.0,1419600.0,1469600.0,1518100.0,1466200.0,1450400.0,1428200.0,1387600.0,1466500.0,1416300.0,Rural
2021,,,,,,,,,,,,,,,Rural
2021,Tortillas                                         ,402,0.5,0.51,0.52,0.51,0.52,0.53,0.53,0.54,0.53,0.57,0.56,0.55,Rural
2021,Arroz                                             ,39,0.05,0.05,0.05,0.05,0.05,0.05,0.05,0.05,0.05,0.05,0.05,0.05,Rural
2021,Carnes 1_ /                                       ,14,0.1,0.11,0.11,0.11,0.11,0.11,0.11,0.11,0.11,0.11,0.11,0.11,Rural
2021,Grasas 2 _ /                                      ,14,0.04,0.04,0.04,0.04,0.04,0.04,0.04,0.04,0.04,0.04,0.04,0.04,Rural
2021,Huevos                                            ,30,0.09,0.09,0.09,0.09,0.09,0.09,0.09,0.09,0.09,0.09,0.1,0.1,Rural
2021,Leche Fluida *                                    ,31,0.03,0.03,0.03,0.03,0.03,0.03,0.03,0.03,0.03,0.03,0.03,0.03,Rural
2021,Frutas 3_ /                                       ,16,0.01,0.01,0.01,0.01,0.01,0.01,0.01,0.01,0.01,0.01,0.01,0.01,Rural
2021,Frijoles                                          ,60,0.12,0.12,0.12,0.11,0.11,0.11,0.11,0.11,0.11,0.11,0.11,0.12,Rural
2021,Azúcar                                            ,65,0.07,0.07,0.07,0.07,0.07,0.07,0.07,0.07,0.07,0.07,0.07,0.07,Rural
2021,Costo diario por persona                          ,0,10100.0,10200.0,10300.0,10200.0,10300.0,10400.0,10300.0,10500.0,10500.0,10900.0,10900.0,10800.0,Rural
2021,más 10% (cocción)                                 ,0,11100.0,11200.0,11300.0,11200.0,11400.0,11400.0,11400.0,11600.0,11500.0,12000.0,12000.0,11900.0,Rural
2021,Costo diario por familia de 4.26 miembros         ,0,47200.0,47900.0,48200.0,47900.0,48400.0,48800.0,48400.0,49400.0,49000.0,51200.0,51100.0,50600.0,Rural
2021,Costo mensual por familia**                       ,0,1416800.0,1436700.0,1447100.0,1437700.0,1450900.0,1463100.0,1453400.0,1480900.0,1471200.0,1535500.0,1532000.0,1518800.0,Rural
2022,,,,,,,,,,,,,,,Rural
2022,Tortillas                                         ,402,0.5808,0.572,0.5798,0.6148,0.5939,0.6533,0.681,0.6895,0.6511,0.7067,0.6954,0.6815,Rural
2022,Arroz                                             ,39,0.0538,0.0537,0.0549,0.0552,0.0569,0.0573,0.0598,0.0594,0.0596,0.0594,0.0589,0.0575,Rural
2022,Carnes 1_ /                                       ,14,0.1066,0.1085,0.1086,0.1102,0.1102,0.1099,0.1112,0.1112,0.1113,0.1108,0.1103,0.1145,Rural
2022,Grasas 2 _ /                                      ,14,0.0413,0.042,0.0423,0.0436,0.0459,0.0458,0.0468,0.0481,0.0482,0.0494,0.0501,0.0506,Rural
2022,Huevos                                            ,30,0.0989,0.0971,0.0945,0.0957,0.1003,0.1046,0.1069,0.1027,0.1023,0.107,0.1106,0.1093,Rural
2022,Leche Fluida *                                    ,31,0.0275,0.0289,0.03,0.031,0.032,0.0327,0.0309,0.0327,0.0328,0.032,0.0334,0.0326,Rural
2022,Frutas 3_ /                                       ,16,0.0132,0.013,0.0142,0.0136,0.0135,0.0138,0.0139,0.0142,0.0141,0.0138,0.014,0.0144,Rural
2022,Frijoles                                          ,60,0.1226,0.1249,0.1281,0.1283,0.1361,0.1444,0.1424,0.1459,0.1448,0.1514,0.1586,0.1579,Rural
2022,Azúcar                                            ,65,0.0731,0.0732,0.0737,0.0734,0.0733,0.0743,0.0738,0.0731,0.0733,0.0739,0.0738,0.073,Rural
2022,Costo diario por persona                          ,0,11177.0,11132.0,11263.0,11661.0,11621.0,12359.0,12667.0,12766.0,12375.0,13043.0,13051.0,12914.0,Rural
2022,más 10% (cocción)                                 ,0,12295.0,12245.0,12389.0,12827.0,12783.0,13595.0,13934.0,14043.0,13613.0,14347.0,14356.0,14205.0,Rural
2022,Costo diario por familia de 4.26 miembros         ,0,52377.0,52166.0,52777.0,54643.0,54454.0,57913.0,59357.0,59822.0,57991.0,61118.0,61157.0,60513.0,Rural
2022,Costo mensual por familia**                       ,0,1571320.0,1564966.0,1583306.0,1639286.0,1633632.0,1737395.0,1780716.0,1794674.0,1739719.0,1833553.0,1834719.0,1815402.0,Rural
2023,,,,,,,,,,,,,,,Rural
2023,Tortillas                                         ,402,0.6961,0.6948,0.7073,0.7179,0.7089,0.7089,0.7352,0.7039,0.7272,0.7335,0.7033,0.6779,Rural
2023,Arroz                                             ,39,0.0594,0.0597,0.0594,0.0592,0.0588,0.0594,0.0604,0.06,0.06,0.0598,0.0604,0.06,Rural
2023,Carnes 1_ /                                       ,14,0.1129,0.1138,0.1143,0.1143,0.1124,0.1128,0.1147,0.1149,0.1146,0.1146,0.1157,0.1162,Rural
2023,Grasas 2 _ /                                      ,14,0.0508,0.0502,0.0503,0.0511,0.0495,0.0504,0.051,0.0497,0.05,0.0501,0.0505,0.0497,Rural
2023,Huevos                                            ,30,0.1109,0.1164,0.1168,0.1182,0.1191,0.1166,0.1149,0.1128,0.113,0.1144,0.1171,0.1215,Rural
2023,Leche Fluida *                                    ,31,0.034,0.0347,0.0341,0.0332,0.0347,0.0332,0.034,0.0348,0.0343,0.0343,0.0332,0.034,Rural
2023,Frutas 3_ /                                       ,16,0.0157,0.0162,0.0162,0.0161,0.0165,0.0168,0.0171,0.0172,0.0173,0.0182,0.0179,0.0179,Rural
2023,Frijoles                                          ,60,0.1649,0.1718,0.171,0.1688,0.1698,0.1717,0.1784,0.1775,0.1775,0.1774,0.1752,0.1722,Rural
2023,Azúcar                                            ,65,0.0731,0.0731,0.0731,0.0735,0.0736,0.0739,0.0741,0.0737,0.0738,0.074,0.0738,0.0744,Rural
2023,Costo diario por persona                          ,0,13178.0,13308.0,13425.0,13522.0,13433.0,13437.0,13799.0,13446.0,13677.0,13763.0,13472.0,13237.0,Rural
2023,más 10% (cocción)                                 ,0,14496.0,14638.0,14768.0,14875.0,14777.0,14780.0,15179.0,14790.0,15045.0,15139.0,14819.0,14560.0,Rural
2023,Costo diario por familia de 4.26 miembros         ,0,61754.0,62360.0,62911.0,63366.0,62948.0,62965.0,64661.0,63007.0,64090.0,64492.0,63129.0,62027.0,Rural
2023,Costo mensual por familia**                       ,0,1852632.0,1870798.0,1887335.0,1900981.0,1888447.0,1888940.0,1939843.0,1890221.0,1922700.0,1934763.0,1893866.0,1860795.0,Rural
2024,,,,,,,,,,,,,,,Rural
2024,Tortillas                                         ,402,0.6748,0.6747,0.6669,0.6465,0.6336,0.6362,0.6438,0.6212,0.618,0.6195,0.6196,0.6459,Rural
2024,Arroz                                             ,39,0.0594,0.0591,0.059,0.0583,0.0594,0.06,0.0613,0.0616,0.0622,0.0614,0.0608,0.061,Rural
2024,Carnes 1_ /                                       ,14,0.1162,0.1168,0.117,0.1176,0.1171,0.1153,0.1174,0.1178,0.1176,0.1178,0.1173,0.1171,Rural
2024,Grasas 2 _ /                                      ,14,0.0501,0.0497,0.0499,0.0502,0.0499,0.0498,0.0497,0.0489,0.0488,0.0485,0.0486,0.0487,Rural
2024,Huevos                                            ,30,0.1216,0.1205,0.1179,0.1169,0.1167,0.1165,0.114,0.1151,0.116,0.1159,0.1171,0.1162,Rural
2024,Leche Fluida *                                    ,31,0.0325,0.0347,0.0325,0.0338,0.0355,0.0355,0.0336,0.0336,0.0332,0.0332,0.0336,0.0336,Rural
2024,Frutas 3_ /                                       ,16,0.0179,0.018,0.0174,0.0181,0.0168,0.018,0.0178,0.0189,0.0176,0.0173,0.017,0.0166,Rural
2024,Frijoles                                          ,60,0.1705,0.1694,0.1669,0.1697,0.1701,0.1688,0.17,0.1691,0.1651,0.1583,0.1571,0.1589,Rural
2024,Azúcar                                            ,65,0.0738,0.0742,0.0743,0.0743,0.0749,0.0749,0.0752,0.0751,0.0751,0.0752,0.0753,0.0751,Rural
2024,Costo diario por persona                          ,0,13168.0,13172.0,13019.0,12854.0,12739.0,12750.0,12829.0,12613.0,12535.0,12472.0,12464.0,12733.0,Rural
2024,más 10% (cocción)                                 ,0,14485.0,14489.0,14321.0,14139.0,14013.0,14025.0,14111.0,13874.0,13788.0,13720.0,13711.0,14006.0,Rural
2024,Costo diario por familia de 4.26 miembros         ,0,61705.0,61722.0,61007.0,60232.0,59694.0,59745.0,60115.0,59105.0,58738.0,58446.0,58408.0,59666.0,Rural
2024,Costo mensual por familia**                       ,0,1851154.0,1851664.0,1830198.0,1806959.0,1790809.0,1792342.0,1803448.0,1773143.0,1762131.0,1753366.0,1752226.0,1789994.0,Rural
2025,,,,,,,,,,,,,,,Rural
2025,Tortillas                                         ,402,0.6511,0.6567,0.6416,0.6482,0.6499,0.6835,0.7263,0.7181,0.7241,0.7171,0.6826,0.6788,Rural
2025,Arroz                                             ,39,0.0615,0.0618,0.0613,0.0609,0.062,0.0613,0.0611,0.0612,0.0611,0.0612,0.0607,0.0609,Rural
2025,Carnes 1_ /                                       ,14,0.1175,0.1177,0.1187,0.1183,0.1184,0.1184,0.1184,0.1192,0.1197,0.1194,0.121,0.1209,Rural
2025,Grasas 2 _ /                                      ,14,0.0482,0.0489,0.0492,0.0496,0.0491,0.0493,0.0497,0.0494,0.0496,0.0503,0.0495,0.0496,Rural
2025,Huevos                                            ,30,0.1131,0.1113,0.1075,0.1067,0.1111,0.1122,0.1112,0.1125,0.1127,0.112,0.1125,0.1117,Rural
2025,Leche Fluida *                                    ,31,0.0343,0.0347,0.0347,0.0347,0.0347,0.0347,0.0347,0.0347,0.0347,0.0362,0.0362,0.0362,Rural
2025,Frutas 3_ /                                       ,16,0.0173,0.0182,0.0174,0.0174,0.0173,0.0167,0.0175,0.0174,0.017,0.0168,0.0167,0.0169,Rural
2025,Frijoles                                          ,60,0.1624,0.1639,0.1622,0.1614,0.1614,0.1616,0.163,0.1599,0.1645,0.1644,0.1642,0.1627,Rural
2025,Azúcar                                            ,65,0.0748,0.0748,0.0746,0.0744,0.0747,0.0752,0.0754,0.0749,0.0748,0.0748,0.0748,0.0748,Rural
2025,Costo diario por persona                          ,0,12802.0,12879.0,12671.0,12716.0,12786.0,13129.0,13572.0,13473.0,13582.0,13523.0,13182.0,13124.0,Rural
2025,más 10% (cocción)                                 ,0,14082.0,14166.0,13938.0,13988.0,14065.0,14442.0,14929.0,14820.0,14940.0,14876.0,14500.0,14436.0,Rural
2025,Costo diario por familia de 4.26 miembros         ,0,59990.0,60349.0,59376.0,59588.0,59916.0,61523.0,63599.0,63135.0,63646.0,63370.0,61769.0,61499.0,Rural
2025,Costo mensual por familia**                       ,0,1799692.0,1810468.0,1781277.0,1787644.0,1797495.0,1845689.0,1907977.0,1894044.0,1909377.0,1901095.0,1853069.0,1844957.0,Rural
2026,,,,,,,,,,,,,,,Rural
2026,Tortillas                                         ,402,0.6708,0.6726,0.6803,0.6864,0.0,0.0,0.0,0.0,0.0,0.0,0.0,0.0,Rural
2026,Arroz                                             ,39,0.0609,0.0609,0.0609,0.061,0.0,0.0,0.0,0.0,0.0,0.0,0.0,0.0,Rural
2026,Carnes 1_ /                                       ,14,0.1205,0.121,0.1225,0.1243,0.0,0.0,0.0,0.0,0.0,0.0,0.0,0.0,Rural
2026,Grasas 2 _ /                                      ,14,0.0496,0.0497,0.0503,0.0507,0.0,0.0,0.0,0.0,0.0,0.0,0.0,0.0,Rural
2026,Huevos                                            ,30,0.1114,0.1118,0.1127,0.1127,0.0,0.0,0.0,0.0,0.0,0.0,0.0,0.0,Rural
2026,Leche Fluida *                                    ,31,0.0362,0.0374,0.0374,0.0374,0.0,0.0,0.0,0.0,0.0,0.0,0.0,0.0,Rural
2026,Frutas 3_ /                                       ,16,0.0169,0.0172,0.018,0.0177,0.0,0.0,0.0,0.0,0.0,0.0,0.0,0.0,Rural
2026,Frijoles                                          ,60,0.1625,0.1602,0.1615,0.1584,0.0,0.0,0.0,0.0,0.0,0.0,0.0,0.0,Rural
2026,Azúcar                                            ,65,0.0748,0.0748,0.0756,0.0751,0.0,0.0,0.0,0.0,0.0,0.0,0.0,0.0,Rural
2026,Costo diario por persona                          ,0,13037.0,13055.0,13192.0,13238.0,0.0,0.0,0.0,0.0,0.0,0.0,0.0,0.0,Rural
2026,más 10% (cocción)                                 ,0,14340.0,14361.0,14511.0,14562.0,0.0,0.0,0.0,0.0,0.0,0.0,0.0,0.0,Rural
2026,Costo diario por familia de 4.26 miembros         ,0,61089.0,61177.0,61817.0,62034.0,0.0,0.0,0.0,0.0,0.0,0.0,0.0,0.0,Rural
2026,Costo mensual por familia**                       ,0,1832681.0,1835298.0,1854523.0,1861017.0,0.0,0.0,0.0,0.0,0.0,0.0,0.0,0.0,Rural
